Food Code,Food Name,Regions,Thiamine (B1) mg,Riboflavin (B2) mg,Niacin (B3) mg,Pantothenic Acid (B5) mg,Total B6 mg,Biotin (B7) µg,Total Folates (B9) µg,Total Ascorbic Acid mg
A001,"1 CEREALS AND MILLETS Amaranth seed, black (Amaranthus cruentus)",1,0.04,0.04,0.45,0.24,0.50,1.92,27.44,
A002,"Amaranth seed, pale brown (Amaranthus cruentus)",6,0.04,0.04,0.52,0.28,0.33,1.87,24.65,
A003,cruentus) Bajra (Pennisetum typhoideum),6,0.25,0.20,0.86,0.50,0.27,0.64,36.11,
A004,Barley (Hordeum vulgare),6,0.36,0.18,2.84,0.14,0.31,2.38,31.58,
A005,Jowar (Sorghum vulgare),6,0.35,0.14,2.10,0.27,0.28,0.70,39.42,
A006,"Maize, dry (Zea mays)",6,0.33,0.09,2.69,0.34,0.34,0.49,25.81,
A007,"Maize, tender, local (Zea mays)",6,0.17,0.12,1.13,0.35,0.45,1.70,62.96,4.26
A008,"Maize, tender, sweet (Zea mays)",4,0.10,0.14,1.14,0.32,0.38,1.91,59.71,5.72
A009,(Chenopodium quinoa) Quinoa,1,0.83,0.22,1.70,0.62,0.21,0.62,173,
A010,Ragi (Eleusine coracana),5,0.37,0.17,1.34,0.29,0.05,0.88,34.66,
A011,(Oryza sativa ) Rice flakes,6,0.12,0.04,1.60,0.48,0.02,0.39,8.46,
A012,Rice puffed (Oryza sativa ),6,0.11,0.04,1.87,0.38,0.07,1.26,,
A013,"Rice, raw, brown (Oryza sativa )",6,0.27,0.06,3.40,0.61,0.37,1.38,11.51,
A014,"Rice, parboiled, milled (Oryza sativa )",6,0.17,0.06,2.51,0.55,0.22,0.31,9.75,
A015,"Rice, raw, milled (Oryza sativa )",6,0.05,0.05,1.69,0.57,0.12,0.60,9.32,
A016,Samai (Panicum miliare),6,0.26,0.05,1.29,0.60,0.04,6.03,36.20,
A017,Varagu (Paspalum scrobiculatum),5,0.29,0.20,1.49,0.63,0.07,1.49,39.49,
A018,"Wheat flour, refined (Triticum aestivum)",6,0.15,0.06,0.77,0.72,0.08,0.58,16.25,
A019,"Wheat flour, atta (Triticum aestivum)",6,0.42,0.15,2.37,0.87,0.25,0.76,29.22,
A020,"Wheat, whole (Triticum aestivum)",6,0.46,0.15,2.68,1.08,0.26,1.03,30.09,
A021,"Wheat, bulgur (Triticum aestivum)",6,0.24,0.12,2.05,0.84,0.24,2.50,26.30,
A022,"Wheat, semolina (Triticum aestivum)",6,0.29,0.04,1.13,0.75,0.11,0.44,25.68,
A023,"Wheat, vermicelli (Triticum aestivum)",6,0.13,0.01,0.86,0.52,0.03,2.00,14.35,
A024,"Wheat, vermicelli, roasted (Triticum aestivum)",6,0.12,0.01,0.67,0.49,0.03,1.34,13.21,
B014,"Lentil whole, brown (Lens culinaris)",6,0.40,0.22,2.54,1.84,0.46,1.74,132,
B015,"Lentil whole, yellowish (Lens culinaris)",2,0.42,0.22,2.56,1.68,0.47,1.63,121,
B016,Moth bean (Vigna aconitifolia),6,0.45,0.09,1.87,1.41,0.16,2.12,349,
B017,"Peas, dry (Pisum sativum)",6,0.56,0.16,2.69,1.26,0.26,0.53,110,
B018,"Rajmah, black (Phaseolus vulgaris)",2,0.21,0.19,2.61,1.91,0.23,0.63,332,
B019,"Rajmah, brown (Phaseolus vulgaris)",6,0.26,0.21,2.37,2.06,0.21,0.77,330,
B020,"Rajmah, red (Phaseolus vulgaris)",3,0.30,0.19,2.42,1.82,0.21,0.77,316,
B021,"Red gram, dal (Cajanus cajan)",6,0.45,0.11,2.09,1.27,0.24,0.31,108,
B022,"Red gram, whole (Cajanus cajan)",6,0.74,0.15,2.42,1.56,0.42,0.65,229,
B023,Ricebean (Vigna umbellata ),1,0.46,0.14,2.32,0.98,0.13,2.65,122,1.11
B024,"Soybean, brown (Glycine max)",6,0.59,0.24,2.12,1.97,0.43,0.73,297,
B025,"Soybean, white (Glycine max)",1,0.61,0.23,2.28,1.97,0.45,0.77,288,
C008,Bathua leaves (Chenopodium album),2,0.06,0.51,0.54,0.41,0.17,1.25,42.55,41.03
C009,Beet greens (Beta vulgaris),6,0.02,0.17,0.43,0.29,0.13,4.66,11.52,35.83
C010,"Betel leaves, big (Kolkata) (Piper betle)",6,0.03,0.08,0.45,0.51,0.04,2.18,15.96,18.40
C011,"Betel leaves, small (Piper betle)",4,0.02,0.07,0.47,0.47,0.04,1.28,16.56,24.51
C012,Brussels sprouts (Brassica oleracea var. gemmifera),1,0.06,0.16,0.50,0.47,0.19,2.45,85.01,89.45
C013,"gemmifera) Cabbage, Chinese (Brassica rupa)",1,0.01,0.05,0.38,0.58,0.19,1.08,54.51,19.32
C014,"Cabbage, collard greens (Brassica oleracea var. viridis)",1,0.03,0.05,0.26,0.49,0.24,1.38,63.46,40.76
C015,"viridis) Cabbage, green (Brassica oleracea var. capitata f. alba)",6,0.03,0.05,0.24,0.24,0.13,1.41,46.36,33.25
C016,"alba) Cabbage, violet (Brassica oleracea var. capitata f. rubra)",2,0.04,0.05,0.27,0.25,0.17,1.43,34.81,43.49
C017,rubra) Cauliflower leaves (Brassica oleracea var. botrytis),6,0.05,0.05,0.21,0.34,0.23,1.38,42.99,52.84
C018,"botrytis) Colocasia leaves, green (Colocasia esculenta)",6,0.08,0.07,0.80,0.27,0.29,12.10,159,40.71
C019,Drumstick leaves (Moringa oleifera),3,0.06,0.45,0.82,0.39,0.87,2.26,42.89,108
C020,Fenugreek leaves (Trigonella foenum graecum),5,0.11,0.22,0.70,0.49,0.38,4.82,75.26,58.25
C021,Garden cress (Lepidium sativum),2,0.03,0.06,1.20,0.22,0.20,12.01,58.10,42.75
C022,"Gogu leaves, green (Hibiscus cannabinus)",4,0.13,0.06,0.58,0.70,0.33,3.38,74.94,29.65
C023,"Gogu leaves, red (Hibiscus cannabinus)",1,0.12,0.05,0.56,0.71,0.31,3.43,88.63,35.43
C024,"Knol-Khol, leaves (Brassica oleracea var. gongylodes)",2,0.06,0.15,0.86,0.27,0.28,13.57,41.55,71.11
C025,gongylodes) Lettuce (Lactuca sativa),3,0.05,0.09,0.17,0.11,0.08,2.15,30.69,11.91
C026,Mustard leaves (Brassica juncea),3,0.08,0.18,0.58,0.26,0.16,1.70,110,60.32
C027,Pak Choi leaves (Brassica rapa var. Chinensis),1,0.02,0.22,0.66,0.31,0.96,10.25,98.50,55.60
C028,Parsley (Petroselinum crispum),3,0.19,0.10,0.36,0.20,0.19,13.47,197,133
C029,Ponnaganni (Alternanthera sessilis),2,0.02,0.10,0.32,0.21,0.19,11.18,48.42,103
C030,"Pumpkin leaves, tender (Cucurbita maxima)",6,0.07,0.13,1.49,0.36,0.17,3.40,33.82,12.33
C031,Radish leaves (Raphanus sativus),6,0.06,0.13,0.47,0.14,0.16,4.39,53.14,65.76
C032,Rumex leaves (Rumex patientia),2,0.03,0.14,0.33,0.25,0.09,1.30,41.01,53.76
C033,Spinach (Spinacia oleracea),6,0.16,0.10,0.33,0.22,0.15,4.14,142,30.28
C034,"Tamarind leaves, tender (Tamarindus indica)",3,0.12,0.03,0.79,0.30,0.14,3.29,91.82,28.22
D014,Brinjal-5 (Solanum melongena),3,0.07,0.11,0.49,0.29,0.08,1.42,32.21,3.15
D015,Brinjal-6 (Solanum melongena),2,0.05,0.11,0.51,0.30,0.07,1.65,34.21,1.49
D016,Brinjal-7 (Solanum melongena),1,0.05,0.12,0.44,0.33,0.07,1.32,26.58,1.08
D017,(Solanum melongena) Brinjal-8,3,0.07,0.11,0.65,0.39,0.07,1.55,33.89,1.89
D018,(Solanum melongena) Brinjal-9,2,0.06,0.11,0.56,0.30,0.09,2.30,35.89,1.72
D019,Brinjal-10 (Solanum melongena),2,0.06,0.10,0.50,0.29,0.08,1.27,37.11,2.40
D020,Brinjal-11 (Solanum melongena),6,0.06,0.11,0.53,0.29,0.08,1.68,34.24,2.24
D021,Brinjal-12 (Solanum melongena),2,0.04,0.10,0.46,0.35,0.06,1.11,27.83,2.55
D022,(Solanum melongena) Brinjal-13,1,0.04,0.12,0.54,0.34,0.09,2.29,30.99,1.49
D023,(Solanum melongena) Brinjal-14,3,0.06,0.10,0.46,0.28,0.07,1.36,38.99,1.83
D024,Brinjal-15 (Solanum melongena),4,0.07,0.11,0.51,0.32,0.07,1.91,32.48,2.01
D025,(Solanum melongena) Brinjal-16,1,0.04,0.11,0.44,0.29,0.10,2.14,30.87,1.53
D026,(Solanum melongena) Brinjal-17,1,0.08,0.09,0.53,0.34,0.10,3.57,27.70,1.95
D027,Brinjal-18 (Solanum melongena),3,0.04,0.10,0.57,0.30,0.07,2.16,38.27,1.97
D028,(Solanum melongena) Brinjal-19,3,0.04,0.10,0.53,0.26,0.09,2.54,34.32,2.53
D029,(Solanum melongena) Brinjal-20,5,0.06,0.10,0.55,0.29,0.07,1.77,33.44,2.21
D030,(Solanum melongena) Brinjal-21,2,0.05,0.11,0.53,0.32,0.08,1.93,32.60,1.38
D031,Brinjal - all varieties (Solanum melongena),6,0.06,0.11,0.53,0.31,0.07,1.76,33.93,2.09
D032,Broad beans (Vicia faba),3,0.12,0.10,0.76,0.45,0.23,10.03,20.46,10.98
D033,"Capsicum, green (Capsicum annuum)",6,0.05,0.03,0.56,0.21,0.15,4.59,51.85,123
D034,"Capsicum, red (Capsicum annuum)",4,0.10,0.03,0.66,0.25,0.24,5.47,62.54,112
D035,"Capsicum, yellow (Capsicum annuum)",4,0.14,0.02,0.59,0.21,0.25,6.33,66.15,127
D036,Cauliflower (Brassica oleracea var. botrytis),6,0.04,0.07,0.31,0.62,0.13,2.47,45.95,47.14
D037,Celery stalk (Apium graveolens),3,0.03,0.04,0.48,0.42,0.06,2.09,22.48,12.30
D038,Cho-cho-marrow (Sechium edule),4,0.01,0.03,0.23,0.21,0.07,1.06,63.03,20.21
D039,Cluster beans (Cyamopsis tetragonoloba),6,0.05,0.03,0.71,0.35,0.12,5.35,41.24,17.96
D040,") Colocasia, stem, black ( Colocasia esculenta",1,0.02,0.04,0.16,0.47,0.06,3.80,30.88,5.15
D041,") Colocasia, stem, green ( Colocasia esculenta",5,0.02,0.03,0.22,0.50,0.07,3.46,25.32,5.83
D042,"(Zea mays) Corn, baby",6,0.15,0.07,0.53,0.94,0.16,0.79,45.53,8.59
D043,"(Cucumis sativus) Cucumber, green, elongate",6,0.02,0.01,0.35,0.45,0.06,2.82,16.84,6.11
D044,"Cucumber, green, short (Cucumis sativus)",6,0.02,0.01,0.35,0.32,0.07,2.97,14.67,6.21
D045,"Cucumber, orange, round (Cucumis sativus)",2,0.02,0.01,0.36,0.34,0.04,3.13,18.77,6.24
D046,Drumstick (Moringa oleifera),6,0.04,0.07,0.62,0.57,0.12,4.29,62.75,71.86
D047,"Field beans, tender, broad (Vicia faba)",2,0.07,0.07,0.32,0.41,0.42,4.11,123,5.99
D048,"Field beans, tender, lean (Vicia faba)",6,0.08,0.07,0.33,0.35,0.38,4.11,127,3.84
D049,"French beans, country (Phaseolus vulgaris)",5,0.04,0.06,0.83,0.28,0.37,4.71,47.45,15.81
D050,"French beans, hybrid (Phaseolus vulgaris)",2,0.05,0.05,0.77,0.27,0.44,5.93,61.98,1.38
D051,"Jack fruit, raw (Artocarpus heterophyllus)",5,0.05,0.05,0.19,0.37,0.04,4.37,35.73,17.51
D052,"Jack fruit, seed, mature (Artocarpus heterophyllus)",5,0.06,0.03,0.19,0.36,0.08,4.10,54.58,9.68
D053,Knol - Khol (Brassica oleracea),6,0.04,0.06,0.37,0.38,0.19,2.46,14.76,64.70
D054,"Kovai, big (Coccinia cordifolia)",6,0.04,0.02,0.55,0.27,0.08,2.96,48.68,17.62
D055,"Kovai, small (Coccinia cordifolia)",1,0.04,0.02,0.51,0.28,0.05,2.87,50.13,21.08
D056,Ladies finger (Abelmoschus esculentus),6,0.04,0.07,0.61,0.28,0.27,1.58,63.68,22.51
D057,"Mango, green, raw (Mangifera indica)",6,0.02,0.02,0.26,0.13,0.13,1.41,25.86,90.24
D058,"Onion, stalk (Allium cepa)",6,0.03,0.05,0.14,0.19,0.17,6.99,57.61,27.23
D059,"Papaya, raw (Carica papaya)",6,0.02,0.03,0.12,0.24,0.03,1.24,29.79,20.73
D060,Parwar (Trichosanthes dioica),6,0.05,0.05,0.67,0.25,0.20,9.86,19.96,19.24
D061,"Peas, fresh (Pisum sativum)",6,0.27,0.03,1.28,0.68,0.19,4.04,54.77,38.40
D062,"Plantain, flower (Musa x paradisiaca)",6,0.02,0.02,0.28,0.35,0.13,2.44,49.27,6.49
D063,"Plantain, green (Musa x paradisiaca)",6,0.01,0.05,0.33,0.26,0.10,0.60,18.96,23.28
D064,"Plantain, stem (Musa x paradisiaca)",6,0.02,0.02,0.18,0.24,0.14,4.42,12.85,3.77
D065,"Pumpkin, green, cylindrical (Cucurbita maxima)",1,0.03,0.02,0.44,0.16,0.05,1.41,31.60,7.29
D066,"Pumpkin, orange, round (Cucurbita maxima)",6,0.03,0.03,0.41,0.18,0.08,1.63,24.14,8.04
D067,"Red gram, tender, fresh (Cajanus cajan)",1,0.23,0.09,2.14,0.71,0.30,2.91,94.21,15.13
D068,Ridge gourd (Luffa acutangula),6,0.02,0.01,0.20,0.28,0.07,2.27,29.26,5.42
D069,"Ridge gourd, smooth skin (Luffa acutangula)",3,0.02,0.01,0.21,0.25,0.09,2.22,27.36,8.10
D070,"Snake gourd, long, pale green (Trichosanthes anguina)",6,0.03,0.03,0.34,0.27,0.10,2.50,18.34,2.72
D071,"anguina) Snake gourd, long, dark green (Trichosanthes anguina)",2,0.03,0.03,0.33,0.27,0.07,2.43,16.52,2.85
D072,"anguina) Snake gourd, short (Trichosanthes anguina)",1,0.03,0.02,0.33,0.31,0.06,2.50,17.74,2.30
D073,"Tinda, tender (Praecitrullus fistulosus)",6,0.02,0.03,0.56,0.39,0.06,3.26,43.23,14.20
D074,") Tomato, green ( Solanum lycopersicum",6,0.08,0.05,0.46,0.30,0.07,4.74,12.51,16.41
D075,") Tomato, ripe, hybrid ( Solanum lycopersicum",6,0.04,0.02,0.51,0.18,0.08,1.09,15.41,25.27
D076,"Tomato, ripe, local (Solanum lycopersicum)",6,0.03,0.03,0.52,0.20,0.09,1.18,19.46,27.47
D077,"Zucchini, green (Cucurbita pepo)",2,0.05,0.09,1.03,0.99,0.25,1.02,18.85,15.78
D078,"Zucchini, yellow (Cucurbita pepo) FRUITS",2,0.03,0.02,0.42,0.72,0.20,1.13,21.50,16.71
E001,"FRUITS Apple, big (Malus domestica)",6,0.03,0.01,0.25,0.09,0.04,0.34,3.04,3.57
E002,"Apple, green (Malus domestica)",6,0.01,0.02,0.21,0.12,0.08,0.41,3.43,2.90
E003,"Apple, small (Malus domestica)",6,0.01,0.01,0.09,0.09,0.03,0.47,3.52,4.00
E004,"Apple, small, Kashmir (Malus domestica)",1,0.01,0.01,0.09,0.12,0.04,0.44,3.97,4.24
E005,"Apricot, dried (Prunus armeniaca)",6,0.04,0.04,1.66,0.62,0.10,1.47,10.50,0.42
E006,"Apricot, processed (Prunus armeniaca)",3,0.25,0.04,1.07,0.25,0.17,1.55,5.42,7.98
E007,) Avocado fruit ( Persea sp.,1,0.07,0.08,0.90,1.26,0.18,1.25,67.17,9.36
E008,Bael fruit (Aegle marmelos),1,0.03,0.04,0.25,1.62,0.03,1.14,55.22,7.50
E009,"Banana, ripe, montham (Musa x paradisiaca)",1,0.01,0.04,0.48,0.35,0.51,1.54,17.93,8.06
E010,"Banana, ripe, poovam (Musa x paradisiaca)",2,0.01,0.03,0.43,0.40,0.50,1.79,19.95,6.74
E011,"Banana, ripe, red (Musa x paradisiaca)",1,0.01,0.02,0.46,0.41,0.45,1.35,18.92,6.74
E012,"Banana, ripe, robusta (Musa x paradisiaca)",6,0.01,0.03,0.47,0.36,0.44,1.69,16.81,4.76
E013,) Black berry ( Rubus sp.,5,0.01,0.02,0.40,0.21,0.05,1.65,22.95,19.45
E014,"Cherries, red (Prunus cerasus)",4,0.07,0.02,0.19,0.23,0.04,1.52,4.92,8.82
E015,"Currants, black (Ribes nigrum)",1,0.03,0.03,0.35,0.28,0.09,2.41,8.48,182
E016,Custard apple (Annona squamosa),1,0.13,0.09,0.69,0.19,0.07,0.76,7.60,21.51
E017,"Dates, dry, pale brown (Phoenix dactylifera)",6,0.03,0.03,1.47,0.51,0.14,0.82,18.65,4.42
E018,"Dates, dry, dark brown (Phoenix dactylifera)",2,0.02,0.03,1.09,0.53,0.153,0.94,12.80,3.84
E019,"Dates, processed (Phoenix dactylifera)",2,0.05,0.02,0.51,0.52,0.06,2.50,24.53,15.51
E020,Fig (Ficus carica),6,0.04,0.02,0.27,0.26,0.15,2.64,13.67,16.92
E021,Gooseberry (Emblica officinalis),5,0.01,0.03,0.12,0.35,0.27,1.42,7.86,252
E022,"Grapes, seeded, round, black (Vitis vinifera)",4,0.03,0.03,0.14,0.07,0.11,1.14,8.69,18.30
E023,"Grapes, seeded, round, green (Vitis vinifera)",5,0.03,0.02,0.13,0.07,0.09,1.08,8.35,17.10
E024,"Grapes, seeded, round, red (Vitis vinifera)",5,0.04,0.03,0.10,0.11,0.10,1.09,7.49,20.59
E025,"Grapes, seedless, oval, black (Vitis vinifera)",5,0.03,0.02,0.15,0.11,0.11,0.97,7.22,27.32
E026,"Grapes, seedless, round, green (Vitis vinifera)",5,0.04,0.03,0.12,0.10,0.08,1.20,8.31,16.47
E027,"Grapes, seedless, round, black (Vitis vinifera)",5,0.03,0.03,0.13,0.11,0.08,1.27,8.89,22.79
E028,"Guava, white flesh (Psidium guajava)",5,0.05,0.04,0.60,0.25,0.11,0.74,29.76,214
E029,"Guava, pink flesh (Psidium guajava)",5,0.03,0.03,0.59,0.20,0.16,1.25,32.17,222
E030,"Jack fruit, ripe (Artocarpus heterophyllus)",5,0.05,0.01,0.42,0.16,0.22,4.00,32.15,6.73
E031,") Jambu fruit, ripe ( Syzygium samarangense",2,0.02,0.02,0.14,0.31,0.03,2.57,7.63,16.47
E032,Karonda fruit (Carissa carandas),1,0.01,0.02,0.25,0.67,0.08,1.55,8.72,135
E033,"Lemon, juice (Citrus limon)",6,0.04,0.01,0.10,0.12,0.03,1.92,12.43,48.16
E034,"Lime, sweet,pulp (Citrus limetta)",6,0.06,0.01,0.17,0.25,0.05,2.23,15.38,46.96
E035,) Litchi ( Litchi chinensis,4,0.02,0.06,0.23,0.19,0.07,2.80,15.69,33.82
E036,"Mango, ripe, banganapalli (Mangifera indica)",6,0.03,0.04,0.26,0.12,0.12,1.60,82.05,32.97
E037,"Mango, ripe, gulabkhas (Mangifera indica)",2,0.03,0.04,0.23,0.11,0.13,1.01,84.35,27.65
E038,"Mango, ripe, himsagar (Mangifera indica)",3,0.03,0.03,0.27,0.11,0.10,1.46,90.98,49.09
E039,"Mango, ripe, kesar (Mangifera indica)",4,0.03,0.04,0.26,0.11,0.10,1.67,90.43,29.08
E040,"Mango, ripe, neelam (Mangifera indica)",2,0.03,0.04,0.23,0.14,0.12,1.02,68.70,29.93
E041,"Mango, ripe, paheri (Mangifera indica)",2,0.03,0.04,0.28,0.10,0.23,1.73,65.28,30.75
E042,"Mango, ripe, totapari (Mangifera indica)",1,0.02,0.05,0.27,0.13,0.12,1.64,77.69,25.26
E043,Mangosteen (Garcinia mangostana),1,0.01,0.01,0.58,0.15,0.18,0.81,13.52,26.33
E044,Manila tamarind (Pithecellobium dulce),1,0.18,0.14,0.40,0.18,0.04,0.22,4.24,55.78
E045,"Musk melon, orange flesh (Cucumis melon)",5,0.01,0.01,0.41,0.13,0.05,0.75,22.31,22.76
E046,"Musk melon, yellow flesh (Cucumis melon)",6,0.01,0.02,0.43,0.11,0.06,0.80,20.23,21.32
E047,"Orange, pulp (Citrus aurantium)",6,0.07,0.02,0.28,0.20,0.04,2.88,19.46,42.72
E048,"Palm fruit, tender (Borassus flabellifer)",1,0.01,,0.46,0.13,0.07,2.49,24.40,0.25
E049,"Papaya, ripe (Carica papaya)",6,0.03,0.11,0.33,0.44,0.04,3.05,60.90,43.09
E050,) Peach ( Prunus communis,1,0.02,0.02,0.29,0.15,0.10,1.43,6.34,5.49
E051,Pear (Pyrus sp.),6,0.02,0.02,0.13,0.05,0.09,1.41,5.28,3.31
E052,Phalsa (Grewia asiatica),2,0.03,0.06,0.40,0.17,0.03,1.49,22.56,5.11
E053,Pineapple (Ananas comosus),6,0.05,0.03,0.12,0.13,0.13,1.05,18.21,36.37
E054,Plum (Prunus domestica),3,0.02,0.02,0.44,0.16,0.05,0.30,14.29,2.26
E055,"Pomegranate, maroon seeds (Punica granatum)",6,0.06,0.01,0.20,0.42,0.29,0.60,38.64,12.69
E056,Pummelo (Citrus maxima),3,0.06,0.02,0.23,0.05,0.04,1.81,13.44,48.89
E057,"Raisins, dried, black (Vitis vinifera)",6,0.09,0.04,0.48,0.21,0.17,0.73,38.30,2.05
E058,"Raisins, dried, golden (Vitis vinifera)",6,0.09,0.04,0.64,0.18,0.17,0.75,34.68,1.85
E059,Rambutan (Nephelium lappaceum),1,0.11,0.01,0.26,0.14,0.04,0.64,7.35,65.00
E060,Sapota (Achras sapota),6,0.01,0.03,0.24,0.24,0.12,1.48,10.83,20.96
E061,Soursop ( Annona muricata ),1,0.03,0.04,0.85,0.12,0.03,0.23,6.09,59.54
E062,Star fruit (Averrhoa carambola),1,0.08,0.02,0.34,0.26,0.06,0.13,8.43,33.55
E063,Strawberry (Fragaria x ananassa),1,0.06,0.01,0.48,0.18,0.09,0.07,8.91,50.20
E064,"Tamarind, pulp (Tamarindus indica) Water melon, dark green (sugar baby) (Citrullus",6,0.34,0.07,1.56,0.17,0.08,0.66,9.79,3.62
E065,"Water melon, dark green (sugar baby) (Citrullus vulgaris)",6,0.02,0.02,0.28,0.19,0.10,0.59,5.88,13.26
E066,"vulgaris) Water melon, pale green (Citrullus vulgaris)",6,0.02,0.02,0.30,0.19,0.07,0.57,5.55,11.45
E067,Wood Apple (Limonia acidissima),3,0.04,0.01,0.55,0.22,0.17,1.65,6.51,22.17
E068,(Zizyphus jujube) Zizyphus,1,0.01,0.02,0.33,0.14,0.11,2.22,5.99,60.93
F007,"Potato, brown skin, small (Solanum tuberosum)",1,0.05,0.01,1.36,0.49,0.12,1.82,13.85,26.41
F008,"Potato, red skin (Solanum tuberosum)",1,0.06,0.01,1.13,0.39,0.10,1.68,17.83,25.04
F009,"Radish, elongate, red skin (Raphanus sativus)",3,0.03,0.02,0.31,0.13,0.07,2.65,24.65,17.63
F010,"Radish, elongate, white skin (Raphanus sativus)",6,0.02,0.02,0.30,0.15,0.07,2.48,29.75,19.91
F011,"Radish, round, red skin (Raphanus sativus)",1,0.03,0.02,0.30,0.18,0.07,2.92,24.59,15.69
F012,"Radish, round, white skin (Raphanus sativus)",2,0.03,0.02,0.24,0.15,0.07,2.59,22.60,14.00
F013,"Sweet potato, brown skin (Ipomoea batatas)",4,0.07,0.04,0.67,0.89,0.12,5.19,15.62,17.94
F014,"Sweet potato, pink skin (Ipomoea batatas)",3,0.06,0.04,0.69,0.56,0.09,5.71,14.44,22.20
F015,Tapioca (Manihot esculenta),3,0.07,0.02,0.45,0.17,0.09,1.93,25.64,15.51
F016,Water Chestnut (Eleocharis dulcis),1,0.02,0.02,0.74,0.52,0.13,1.08,9.80,5.26
F017,"Yam, elephant (Amorphophallus campanulatus)",6,0.04,0.05,0.61,0.23,0.22,4.51,20.54,15.22
F018,") Yam, ordinary ( Amorphophallus sp.",4,0.04,0.02,0.56,0.32,0.17,4.19,15.68,13.88
F019,") Yam, wild ( Dioscorea villosa",2,0.121,0.015,0.70,0.23,0.20,4.09,21.01,14.06
G001,"CONDIMENTS AND SPICES-FRESH Chillies, green-1 (Capsicum annum)",5,0.11,0.09,0.80,0.19,0.45,0.50,79.50,
G002,"Chillies, green-2 (Capsicum annum)",3,0.08,0.09,0.93,0.20,0.29,0.64,90.97,
G003,"Chillies, green-3 (Capsicum annum)",5,0.09,0.11,0.87,0.24,0.24,0.64,93.63,
G004,"Chillies, green-4 (Capsicum annum)",3,0.09,0.12,0.90,0.23,0.18,0.62,102,
G005,"Chillies, green-5 (Capsicum annum)",2,0.08,0.16,1.06,0.20,0.20,0.57,97.77,
G006,"Chillies, green-6 (Capsicum annum)",1,0.07,0.13,0.92,0.27,0.29,0.73,18.87,108
G007,"Chillies, green-7 (Capsicum annum)",1,0.08,0.11,0.80,0.24,0.22,1.21,19.39,112
G008,"Chillies, green - all varieties (Capsicum annum)",6,0.09,0.11,0.89,0.22,0.28,0.63,21.50,94.07
G009,Coriander leaves (Coriandrum sativum),6,0.09,0.05,0.73,0.63,0.19,4.17,51.01,23.87
G010,Curry leaves (Murraya koenigii),6,0.07,0.13,0.85,0.51,0.57,1.77,117,6.04
G011,"Garlic, big clove (Allium sativum)",6,0.20,0.25,0.38,1.57,0.56,2.55,85.77,12.62
G012,"Garlic, small clove (Allium sativum)",3,0.20,0.23,0.36,1.51,0.77,2.54,78.82,13.57
G013,"Garlic, single clove, Kashmir (Allium sativum)",1,0.25,0.22,0.42,1.86,0.97,2.85,92.25,15.38
G014,"Ginger, fresh (Zingiber officinale)",6,0.04,0.04,0.42,0.24,0.20,1.07,10.82,5.43
G015,Mango ginger (Curcuma amada),3,0.02,0.07,0.45,0.26,0.18,1.49,22.62,1.62
G016,Mint leaves (Mentha spicata ),4,0.02,0.19,0.74,0.34,0.17,2.21,106,17.16
G017,"Onion, big (Allium cepa)",6,0.04,0.01,0.34,0.30,0.10,2.61,28.88,6.69
G018,"Onion, small (Allium cepa)",5,0.07,0.02,0.21,0.14,0.12,2.69,29.68,10.96
G024,Coriander seeds (Coriandrum sativum),6,0.19,0.23,1.20,0.28,0.04,1.46,22.07,
G025,Cumin seeds (Cuminum cyminum),6,0.52,0.13,2.87,0.22,0.39,1.20,27.79,
G026,Fenugreek seeds (Trigonella foenum graecum),6,0.28,0.14,1.19,0.27,0.77,1.54,51.11,
G027,Mace (Myristica fragrans),6,0.13,0.13,0.92,0.35,0.30,1.80,32.65,
G028,Nutmeg (Myristica fragrans),6,0.04,0.05,0.51,0.33,0.10,1.59,74.78,
G029,Omum (Trachyspermum ammi),6,0.30,0.23,1.23,0.22,0.24,1.78,51.79,
G030,Pippali (Piper longum),6,0.06,0.14,1.06,0.23,0.60,2.34,66.45,
G031,"Pepper, black (Piper nigrum)",6,0.06,0.09,0.85,0.30,0.27,3.49,21.89,
G032,Poppy seeds (Papaver somniferum),6,0.87,0.10,0.77,0.32,0.42,3.25,78.73,
G033,Turmeric powder (Curcuma domestica),6,0.06,0.01,1.55,0.13,0.13,0.76,13.86,
H010,"Gingelly seeds, brown (Sesamum indicum)",4,0.27,0.08,3.05,0.49,0.49,3.48,92.63,
H011,"Gingelly seeds, white (Sesamum indicum)",5,0.36,0.07,3.94,0.48,0.62,3.46,131,
H012,Ground nut (Arachis hypogaea),6,0.57,0.12,11.35,1.01,0.23,1.61,90.87,
H013,) Mustard seeds ( Brassica nigra,6,0.55,0.33,3.80,0.48,0.24,1.45,94.88,
H014,Linseeds (Linum usitatissimum),6,0.28,0.05,1.09,0.37,0.35,21.25,86.50,
H015,"Niger seeds, black (Guizotia abyssinica)",4,0.46,0.23,1.14,0.49,0.45,2.37,140,
H016,"Niger seeds, gray (Guizotia abyssinica)",5,0.38,0.35,0.88,0.46,0.34,2.40,73.13,
H017,) Pine seed ( Pinus sp.,5,0.36,0.08,3.52,0.50,0.11,18.46,31.64,
H018,Pistachio nuts (Pistacia vera),6,0.98,0.04,0.86,0.58,0.96,11.82,64.90,
H019,Safflower seeds (Carthamus tinctorius),5,0.85,0.15,1.12,0.89,0.93,17.37,82.41,
H020,Sunflower seeds (Helianthus annuus),5,0.59,0.13,1.60,0.97,0.94,2.44,81.79,
H021,Walnut (Juglans regia),6,0.40,0.12,0.86,0.84,0.80,13.05,57.95,0.88
K001,MISCELLANEOUS FOODS Toddy (Borassus flabellifer),10,0.01,0.27,0.35,0.08,0.03,1.96,0.73,0.92
K002,Coconut Water (Cocos nucifera),6,0.01,0.01,0.04,0.26,0.06,0.21,10.88,0.64
L001,"MILK AND MILK PRODUCTS Milk, whole, Buffalo",6,0.05,0.13,0.07,0.38,0.04,2.16,8.57,2.37
L002,"Milk, whole, Cow",6,0.03,0.11,0.08,0.34,0.04,1.98,7.03,2.01
L003,Paneer,6,0.02,0.10,0.13,0.49,0.04,21.04,93.31,
L004,Khoa,6,0.11,0.11,0.43,0.33,0.06,20.39,94.25,
M001,"EGG AND EGG PRODUCTS Egg, poultry, whole, raw",6,0.06,0.19,0.11,1.47,0.16,18.24,49.32,
M002,"Egg, poultry, white, raw",6,0.02,0.16,0.01,1.35,,4.36,4.96,
M003,"Egg, poultry, yolk, raw",6,0.11,0.16,0.69,2.78,0.29,65.22,112,
M004,"Egg, poultry, whole, boiled",6,0.06,0.18,0.21,1.42,0.14,15.36,48.25,
M005,"Egg, poultry, white, boiled",6,0.02,0.18,0.01,0.18,,4.37,4.10,
M006,"Egg, poultry, yolk, boiled",6,0.17,0.15,0.45,2.57,0.27,58.43,110,
M007,"Egg, poultry, omlet",3,0.11,0.20,0.33,2.06,0.14,17.13,37.66,
M008,"Egg, country hen, whole, raw",1,0.14,0.08,0.14,1.03,0.18,19.35,54.60,
M009,"Egg, country hen, whole, boiled",1,0.11,0.08,0.12,0.96,0.18,20.15,59.98,
M010,"Egg, country hen, omlet",1,0.14,0.07,0.14,0.94,0.18,18.55,58.79,
M011,"Egg, duck, whole, boiled",1,0.21,0.07,0.18,1.14,0.15,13.87,73.32,
M012,"Egg, duck, whole, raw",1,0.18,0.07,0.13,0.51,0.15,14.52,75.48,
M013,"Egg, duck, whole, omlet",1,0.31,0.09,0.14,1.05,0.15,13.81,67.95,
M014,"Egg, quial, whole, raw",1,0.15,0.11,0.12,0.93,0.17,18.82,54.86,
M015,"Egg, quial, whole, boiled",1,0.11,0.08,0.15,0.81,0.15,16.53,51.72,
N003,"Chicken, poultry, breast, skinless",5,0.10,0.06,8.06,1.15,0.53,4.11,10.44,
N004,"Chicken, poultry, wing, skinless",5,0.08,0.07,6.66,1.28,0.39,3.61,7.87,
N005,"Poultry, chicken, liver",1,0.28,0.20,4.44,6.39,0.92,4.07,1032,
N006,"Poultry, chicken, gizzard",1,0.01,0.11,2.87,0.70,0.14,5.12,8.72,
N007,"Country hen, leg, with skin",1,0.17,0.10,2.44,0.73,0.36,4.60,8.10,
N008,"Country hen, thigh, with skin",1,0.11,0.13,3.62,0.89,0.42,2.91,10.42,
N009,"Country hen, breast, with skin",1,0.11,0.04,5.62,0.81,0.59,3.06,12.98,
N010,"Country hen, wing, with skin",1,0.07,0.03,3.19,0.85,0.43,5.13,9.19,
N011,"Duck, meat, with skin",1,0.22,0.13,2.24,0.74,0.31,4.27,27.98,
N012,"Emu, meat, skinless",1,0.10,0.17,3.26,2.21,0.35,,7.07,
N013,"Guinea fowl, meat, with skin",1,0.02,0.18,3.64,0.71,0.58,,5.69,
N014,"Pigeon, meat, with skin",1,0.18,0.39,3.45,0.79,0.48,,8.41,
N015,"Quail, meat, skinless",1,0.05,0.24,4.69,0.81,0.56,,9.33,
N016,"Turkey, leg, with skin",1,0.05,0.11,4.92,1.59,0.48,,8.55,
N017,"Turkey, thigh, with skin",1,0.04,0.12,1.94,1.54,0.51,,10.91,
N018,"Turkey, breast, with skin",1,0.06,0.10,4.49,1.53,0.56,,14.67,
N019,"Turkey, wing, with skin",1,0.03,0.09,4.38,1.36,0.45,,10.41,
O001,"ANIMAL MEAT Goat, shoulder",6,0.07,0.17,5.14,1.07,0.26,2.08,,
O002,"Goat, chops",6,0.05,0.13,5.51,0.98,0.30,1.53,,
O003,"Goat, legs",6,0.07,0.15,5.15,0.99,0.31,2.25,,
O004,"Goat, brain",5,0.13,0.17,2.04,1.52,0.28,1.30,,
O005,"Goat, tongue",4,0.14,0.22,3.04,0.88,0.17,2.54,,
O006,"Goat, lungs",4,0.08,0.32,2.79,0.83,0.14,1.80,,
O007,"Goat, heart",5,0.36,0.33,5.97,1.72,0.23,1.63,,
O008,"Goat, liver",6,0.20,0.37,12.88,7.01,0.65,178,,
O009,"Goat, tripe",5,0.02,0.10,0.81,0.21,0.20,2.36,,
O010,"Goat, spleen",4,0.06,0.16,5.20,6.58,0.33,3.30,,
O011,"Goat, kidneys",4,0.34,0.34,5.50,6.54,0.40,68.76,,
O012,"Goat, tube (small intestine)",3,0.01,0.11,0.64,0.53,0.21,1.87,,
O013,"Goat, testis",2,0.15,0.11,1.72,1.58,0.24,2.01,,
O014,"Sheep, shoulder",5,0.05,0.18,4.53,0.96,0.15,3.16,,
O015,"Sheep, chops",4,0.07,0.16,4.94,1.01,0.18,1.61,,
O016,"Sheep, leg",5,0.08,0.16,5.25,1.04,0.24,1.81,,
O017,"Sheep, brain",1,0.12,0.21,2.66,1.73,0.33,1.86,,
O018,"Sheep, tongue",1,0.15,0.20,2.78,0.35,0.16,2.40,,
O019,"Sheep, lungs",2,0.07,0.23,2.75,0.88,0.02,13.89,,
O020,"Sheep, heart",1,0.34,0.30,5.43,1.66,0.30,2.17,,
O021,"Sheep, liver",,4,0.17,0.35,15.66,6.95,0.26,,
O022,"Sheep, tripe",,2,0.02,0.08,0.63,0.20,0.22,,
O023,"Sheep, spleen",,1,0.07,0.23,5.42,6.07,0.27,,
O024,"Sheep, kidneys",,2,0.35,0.31,5.51,6.22,0.51,,
O025,"Beef, shoulder",,6,0.03,0.12,5.18,1.14,0.48,,
O026,"Beef, chops",,4,0.02,0.06,4.36,1.27,0.34,,
O027,"Beef, round (leg)",,6,0.04,0.06,6.30,0.84,0.44,,
O028,"Beef, brain",,4,0.12,0.13,1.91,1.76,0.25,,
O029,"Beef, tongue",,4,0.05,0.13,2.93,0.72,0.19,,
O030,"Beef, lungs",,3,0.09,0.12,3.13,0.85,0.23,,
O031,"Beef, heart",,5,0.24,0.30,5.38,1.55,0.25,,
O032,"Beef, liver",,6,0.17,0.34,14.01,9.32,0.30,,
O033,"Beef, tripe",,5,0.03,0.08,1.31,1.09,0.23,,
O034,"Beef, spleen",,6,0.31,0.25,7.45,7.30,0.26,,
O035,"Beef, kidneys",,3,0.26,0.27,6.52,2.05,0.22,,
O036,"Calf, shoulder",,2,0.10,0.20,6.11,0.98,0.50,,
O037,"Calf, chops",,2,0.07,0.17,5.11,0.94,0.37,,
O038,"Calf, round (leg)",,2,0.03,0.17,5.97,0.87,0.41,,
O039,"Calf, brain",,2,0.07,0.19,3.19,1.61,0.30,,
O040,"Calf, tongue",,2,0.11,0.22,4.31,0.79,0.17,,
O041,"Calf, heart",,1,0.26,0.29,5.30,2.29,0.41,,
O042,"Calf, liver",1,0.17,0.31,12.98,8.95,0.59,1473,,
O043,"Calf, spleen",1,0.09,0.28,7.61,6.83,0.44,3.58,,
O044,"Calf, kidneys",2,0.32,0.35,4.16,2.49,0.30,33.48,,
O045,"Mithun, shoulder",1,0.04,0.06,6.29,1.31,0.37,1.86,,
O046,"Mithun, chops",1,0.20,0.18,4.76,1.62,0.34,1.90,,
O047,"Mithun, round (leg)",1,0.02,0.05,5.30,1.36,0.29,1.86,,
O048,"Pork, shoulder",6,0.18,0.10,4.22,0.86,0.41,6.70,,
O049,"Pork, chops",6,0.30,0.11,4.49,0.72,0.36,7.74,,
O050,"Pork, ham",6,0.24,0.10,4.59,0.79,0.25,1.51,,
O051,"Pork, lungs",4,0.08,0.14,3.11,1.79,0.19,6.36,,
O052,"Pork, heart",4,0.28,0.30,5.13,1.49,0.30,4.73,,
O053,"Pork, liver",5,0.16,0.31,13.76,7.93,0.37,954,,
O054,"Pork, stomach",1,0.10,0.06,1.90,3.10,0.19,6.87,,
O055,"Pork, spleen",3,0.13,0.27,7.80,4.87,0.22,5.92,,
O056,"Pork, kidneys",5,0.24,0.37,6.46,2.52,0.16,59.61,,
O057,"Pork, tube (small intestine)",1,0.08,0.10,0.90,3.02,0.19,7.84,,
O058,"Hare, shoulder",1,0.07,0.27,5.04,0.70,0.28,2.20,,
O059,"Hare, chops",1,0.07,0.28,4.85,0.61,0.22,3.85,,
O060,"Hare, leg",1,0.08,0.22,5.63,0.64,0.24,1.95,,
O061,"Rabbit, shoulder",1,0.03,0.14,4.38,0.69,0.30,1.80,,
O062,"Rabbit, chops",1,0.02,0.08,7.54,0.73,0.24,2.10,,
O063,"Rabbit, leg",1,0.03,0.10,5.02,0.70,0.26,1.80,,
P001,Fish Name MARINE FISH Allathi (Elops machnata),1,0.08,0.04,3.67,0.72,0.19,12.30,,
P002,Aluva (Parastromateus niger),3,0.05,0.02,2.35,0.74,0.16,11.32,,
P003,Anchovy (Stolephorus indicus),2,0.03,0.04,0.91,1.21,0.06,11.70,,
P004,Ari fish (Aprion virescens ),1,0.06,0.03,3.65,0.23,0.22,6.02,,
P005,Betki (Lates calcarifer),1,0.01,0.04,1.54,0.40,0.09,20.79,,
P006,Black snapper (Macolor niger),1,,0.02,2.89,0.54,,17.72,,
P007,Bombay duck (Harpadon nehereus),2,0.03,0.02,0.64,1.48,0.10,27.84,,
P008,Bommuralu (Muraenesox cinerius),3,0.05,0.02,1.34,0.64,,10.04,,
P009,Cat fish (Tachysurus thalassinus),1,0.05,0.05,1.38,1.24,,11.36,,
P010,Chakla (Rachycentron canadum),5,0.06,0.04,2.37,0.67,0.10,5.72,,
P011,Chappal (Aluterus monoceros ),1,0.06,0.02,3.95,0.18,0.18,7.76,,
P012,Chelu (Elagatis bipinnulata),2,0.06,0.02,2.19,1.07,0.16,6.77,,
P013,Chembali (Lutjanus quinquelineatus),1,0.03,0.06,1.80,0.27,,12.21,,
P014,Eri meen (Pristipomoides filamentosus),1,0.04,0.03,2.88,0.57,,5.79,,
P015,Gobro (Epinephelus diacanthus),2,0.07,0.02,1.27,0.24,,3.02,,
P016,Guitar fish (Rhinobatus prahli),1,0.03,0.02,2.01,0.15,0.14,15.32,,
P017,(Tenualosa ilisha) Hilsa,2,0.01,0.04,2.85,2.33,0.12,28.75,,
P018,(Arius sp.) Jallal,1,0.02,0.02,3.24,0.91,0.09,6.27,,
P019,(Lethrinus lentjan) Jathi vela meen,2,0.12,0.02,2.82,0.29,0.07,8.28,,
P020,(Synodus indicus) Kadal bral,1,0.01,0.06,1.76,0.19,0.09,11.78,,
P021,Kadali (Nemipterus mesoprion),1,0.04,0.01,1.86,0.32,0.18,13.17,,
P022,Fish Name Kalamaara (Leptomelanosoma indicum),2,0.06,0.03,2.22,0.65,0.16,6.57,,
P023,Kalava (Epinephelus coioides),1,0.06,0.05,2.24,0.22,0.13,11.94,,
P024,Kanamayya (Lutjanus rivulatus),2,0.06,0.01,1.22,1.46,0.08,11.67,,
P025,Kannadi paarai (Alectis indicus),3,0.04,0.03,1.81,1.07,0.07,5.61,,
P026,Karimeen (Etroplus suratensis),1,0.08,0.05,1.15,0.23,0.09,11.99,,
P027,Karnagawala (Anchoa hepsetus),1,0.07,0.01,0.98,1.39,0.06,3.77,,
P028,Kayrai (Thunnus albacores),2,0.08,0.07,5.18,1.29,,8.84,,
P029,Kiriyan (Atule mate),1,0.04,0.13,2.75,1.36,0.12,6.04,,
P030,Kite fish (Mobula kuhlii),1,0.04,0.07,2.50,0.45,0.13,13.34,,
P031,Korka (Terapon jarbua),1,0.03,0.17,3.42,0.40,,7.51,,
P032,Korka (Terapon jarbua) Kulam paarai (Carangoides fulvoguttatus),1,0.06,0.01,1.97,0.57,0.22,6.99,,
P033,Maagaa (Polynemus plebeius),1,0.02,0.01,0.73,0.40,0.11,6.95,,
P034,Mackerel (Rastrelliger kanagurta),3,0.07,0.10,2.67,1.35,,7.13,,
P035,Manda clathi (Naso reticulatus),1,0.03,0.02,2.77,1.02,0.09,7.38,,
P036,Matha (Acanthurus mata ),2,0.05,0.05,2.37,1.40,0.04,11.57,,
P037,Milk fish (Chanos chanos),1,0.05,0.07,5.21,1.03,0.08,11.32,,
P038,Moon fish (Mene maculata),1,0.07,0.07,1.83,1.72,0.14,7.72,,
P039,(Mugil cephalus) Mullet,3,0.05,0.09,2.52,1.11,0.14,11.89,,
P040,Mural (Tylosurus crocodilus),1,0.06,0.03,2.65,0.37,0.07,11.46,,
P041,(Istiophorus platypterus) Myil meen,2,0.04,0.04,4.41,0.71,0.12,8.08,,
P042,Nalla bontha (Epinephelus sp.),1,0.04,0.01,0.56,0.22,0.08,17.14,,
P043,(Caranx sexfasciatus) Narba,2,0.05,0.04,1.51,0.75,0.02,13.03,,
P044,Fish Name Paarai (Caranx heberi),1,0.03,0.02,2.86,0.27,0.17,16.12,,
P045,Padayappa (Canthidermis maculata),1,0.03,0.05,4.53,0.68,0.07,13.37,,
P046,Pali kora (Panna microdon),1,0.03,0.05,0.78,0.43,0.13,8.87,,
P047,Pambada (Lepturacanthus savala),2,0.04,0.03,1.96,0.64,0.08,11.63,,
P048,Pandukopa (Pseudosciaena manchurica),1,0.04,0.02,0.54,0.42,0.26,16.51,,
P049,Parava (Lactarius lactarius),1,0.03,0.03,0.98,0.09,0.15,7.96,,
P050,Parcus (Psettodes erumei),1,0.04,0.02,0.88,0.21,0.20,4.88,,
P051,Parrot fish (Scarus ghobban),1,0.06,0.02,1.89,1.15,0.13,5.56,,
P052,Perinkilichai (Pinjalo pinjalo),1,0.08,0.01,1.48,0.43,0.12,5.11,,
P053,Phopat (Coryphaena hippurus),4,0.06,0.04,4.28,1.13,,5.02,,
P054,Piranha (Pygopritis sp.),1,0.04,0.05,0.97,1.04,0.07,7.74,,
P055,"Pomfret, black (Parastromateus niger)",1,0.06,0.02,2.61,0.75,0.08,20.56,,
P056,"Pomfret, snub nose (Trachinotus blochii)",2,0.08,0.05,1.94,0.61,0.08,6.51,,
P057,"Pomfret, white (Pampus argenteus)",2,0.05,0.03,1.38,1.11,0.13,9.61,,
P058,Pranel (Gerres sp.),1,0.04,0.13,3.37,0.76,,12.51,,
P059,Pranel (Gerres sp.) Pulli paarai (Gnathanodon speciosus),1,0.05,0.04,1.94,1.13,0.10,13.87,,
P060,(Scomberoides commersonianus) Queen fish,3,0.06,0.04,3.24,0.63,0.12,10.73,,
P061,Raai fish (Lobotes surinamensis),2,0.07,0.02,1.63,0.31,0.11,16.38,,
P062,(Epinephelus chlorostigma) Raai vanthu,1,0.03,0.01,0.72,0.31,0.11,15.62,,
P063,Rani (Pink perch),1,,0.01,1.33,0.53,0.08,12.17,,
P064,"(Rhina ancylostoma) Ray fish, bow head, spotted",1,0.05,0.03,1.99,0.23,0.12,12.44,,
P065,(Lutjanus argentimaculatus) Red snapper,1,0.02,0.02,3.14,0.52,0.07,13.86,,
P066,"Fish Name Red snapper, small (Priacanthus hamrur)",1,0.06,0.03,3.43,0.96,0.17,9.06,,
P067,Sadaya (Platax orbicularis ),1,0.07,0.38,2.45,1.07,0.13,4.59,,
P068,Salmon (Salmo salar),1,0.07,0.06,4.45,1.15,0.15,11.36,,
P069,Sangada (Nemipterus japanicus),1,0.01,0.02,0.68,0.22,0.10,16.75,,
P070,Sankata paarai (Caranx ignobilis),1,0.03,0.06,3.70,1.19,0.18,10.76,,
P071,Sardine (Sardinella longiceps),1,0.01,0.06,0.91,0.77,0.14,22.66,,
P072,Shark (Carcharhinus sorrah),2,0.03,0.04,2.68,1.15,0.11,8.57,,
P073,"Shark, hammer head (Sphyrna mokarran)",1,0.02,0.04,2.72,0.66,0.07,20.06,,
P074,"Shark, spotted (Stegostoma fasciatum)",1,0.05,0.05,1.02,0.67,,13.23,,
P075,Shelavu (Sphyraena jello),4,0.05,0.06,2.10,0.44,,7.90,,
P076,Silan (Silonia silondia),1,0.02,0.07,1.27,0.90,,24.38,,
P077,Silk fish (Beryx sp.),1,0.03,0.04,2.24,0.17,0.17,8.02,,
P078,Silver carp (Hypophthalmichthys molitrix),1,0.02,0.02,1.87,1.33,,24.62,,
P079,Sole fish (Cynoglossus arel),1,0.01,0.02,0.47,0.91,0.07,13.93,,
P080,Stingray (Dasyatis pastinaca),1,0.03,0.02,2.74,0.98,0.22,25.59,,
P081,Tarlava (Drepane punctata),2,0.04,0.04,2.13,0.25,,13.80,,
P082,Tarlava (Drepane punctata) Tholam (Plectorhinchus schotaf),2,0.04,0.03,2.74,1.22,0.16,8.24,,
P083,Tilapia (Oreochromis niloticus),1,0.02,0.18,1.40,0.78,0.18,8.29,,
P084,(Euthynnus affinis) Tuna,5,0.06,0.07,4.73,1.34,0.07,13.74,,
P085,"(Katsuwonus pelamis) Tuna, striped",1,0.07,0.15,5.04,1.27,0.12,7.89,,
P086,Valava (Chirocentrus nudus),1,0.13,0.02,0.86,0.61,0.10,14.38,,
P087,Vanjaram (Scomberomorus commerson),2,0.03,0.07,3.46,1.22,0.16,15.45,,
P088,Fish Name Vela meen (Aprion virescens),1,0.05,0.04,5.15,0.22,0.10,16.32,,
P089,Vora (Siganus javus),2,0.06,0.07,3.72,0.28,0.12,14.80,,
P090,Whale shark (Galeocerdo cuvier),1,0.06,0.04,2.90,0.84,0.12,16.05,,
P091,Xiphinis (Xiphias gladius),1,0.06,0.05,3.24,0.21,0.07,8.20,,
P092,"Z.Eggs, Cat fish (Ompok bimaculatus)",1,,0.19,1.09,0.83,0.15,20.59,,
"R006 Squid, red  (Loligo duvaucelii)",Fish Name,2,0.03,0.02,0.71,0.95,0.10,13.00,,
R007,"Squid, white, small (Uroteuthis duvauceli )",1,0.01,0.03,0.71,0.77,0.12,18.33,,
